Title,Date
"Trollhunters: Tales of Arcadia: Part 2: Hiss Hiss, Bang Bang","10/21/20"
"Trollhunters: Tales of Arcadia: Part 2: Homecoming","10/21/20"
"Trollhunters: Tales of Arcadia: Part 2: KanjigAAARRRGGHH!!!","10/21/20"
"Trollhunters: Tales of Arcadia: Part 2: Grand Theft Otto","10/20/20"
"Trollhunters: Tales of Arcadia: Part 2: Skullcrusher","10/20/20"
"Trollhunters: Tales of Arcadia: Part 2: Escape from the Darklands","10/20/20"
"Trollhunters: Tales of Arcadia: Part 1: Something Rotten This Way Comes","10/20/20"
"Trollhunters: Tales of Arcadia: Part 1: A Night to Remember","10/19/20"
"The Last Kids on Earth: Book 1: The Last Kids on Earth","10/19/20"
"Bureau of Magical Things: Season 1: A knight to Remember","10/18/20"
"Bureau of Magical Things: Season 1: Gone to the Dogs","10/18/20"
"Bureau of Magical Things: Season 1: All the World's a Stage","10/18/20"
"Bureau of Magical Things: Season 1: Magic in the Air","10/18/20"
"Bureau of Magical Things: Season 1: A Magical Mishap","10/18/20"
"Trollhunters: Tales of Arcadia: Part 1: Angor Management","10/18/20"
"Trollhunters: Tales of Arcadia: Part 1: Wingmen","10/18/20"
"Trollhunters: Tales of Arcadia: Part 1: It's About Time","10/18/20"
"Trollhunters: Tales of Arcadia: Part 1: Party Monster","10/18/20"
"Trollhunters: Tales of Arcadia: Part 1: Where Is My Mind?","10/17/20"
"Trollhunters: Tales of Arcadia: Part 1: Airheads","10/17/20"
"Trollhunters: Tales of Arcadia: Part 1: The Shattered King","10/17/20"
"Trollhunters: Tales of Arcadia: Part 1: Blinky's Day Out","10/16/20"
"Trollhunters: Tales of Arcadia: Part 1: Roaming Fees May Apply","10/16/20"
"Trollhunters: Tales of Arcadia: Part 1: Mudslinging","10/16/20"
"Trollhunters: Tales of Arcadia: Part 1: Return of the Trollhunter","10/16/20"
"Trollhunters: Tales of Arcadia: Part 1: The Battle of Two Bridges","10/16/20"
"Trollhunters: Tales of Arcadia: Part 1: Claire and Present Danger","10/16/20"
"Trollhunters: Tales of Arcadia: Part 1: Recipe for Disaster","10/16/20"
"Trollhunters: Tales of Arcadia: Part 1: Young Atlas","10/16/20"
"Trollhunters: Tales of Arcadia: Part 1: Bittersweet Sixteen","10/16/20"
"Trollhunters: Tales of Arcadia: Part 1: Adventures in Trollsitting","10/16/20"
"Trollhunters: Tales of Arcadia: Part 1: To Catch a Changeling","10/15/20"
"Trollhunters: Tales of Arcadia: Part 1: Win Lose or Draal","10/15/20"
"Trollhunters: Tales of Arcadia: Part 1: Waka Chaka!","10/15/20"
"Trollhunters: Tales of Arcadia: Part 1: Gnome Your Enemy","10/15/20"
"Trollhunters: Tales of Arcadia: Part 1: Wherefore Art Thou, Trollhunter?","10/15/20"
"Trollhunters: Tales of Arcadia: Part 1: Becoming: Part 2","10/15/20"
"Trollhunters: Tales of Arcadia: Part 1: Becoming: Part 1","10/14/20"
"The Good Place: Season 1: Tahani Al-Jamil","10/12/20"
"The Good Place: Season 1: Flying","10/12/20"
"The Good Place: Season 1: Everything Is Fine","10/12/20"
"I Am Not Okay With This: Season 1: Dear Diary...","10/12/20"
"Ginny Weds Sunny","10/11/20"
"Hubie Halloween","10/11/20"
"Sherlock Holmes: A Game of Shadows","10/10/20"
"Wizards: Tales of Arcadia: Season 1: Spellbound","10/9/20"
"Wizards: Tales of Arcadia: Season 1: History in the Making","10/9/20"
"Another Life: Season 1: Across the Universe","10/9/20"
"Kai Po Che!","10/9/20"
"Mortal Kombat","10/8/20"
"Mars: Season 1: Novo Mundo","10/7/20"
"The Thundermans: Season 1: Dinner Party","10/7/20"
"The Thundermans: Season 1: Adventures in Supersitting","10/7/20"
"The Occupant","10/7/20"
"Upgrade","10/7/20"
"The Platform","10/6/20"
"Serious Men","10/6/20"
"Santa Banta Pvt Ltd","10/4/20"
"Teenage Bounty Hunters: Season 1: Daddy's Truck","10/4/20"
"That '70s Show: Season 1: Stolen Car","8/24/20"
"That '70s Show: Season 1: Ski Trip","8/24/20"
"That '70s Show: Season 1: That Disco Episode","8/24/20"
"That '70s Show: Season 1: The Best Christmas Ever","8/23/20"
"That '70s Show: Season 1: Eric's Buddy","8/23/20"
"That '70s Show: Season 1: Sunday, Bloody Sunday","8/23/20"
"That '70s Show: Season 1: Thanksgiving","8/23/20"
"That '70s Show: Season 1: Drive-In","8/23/20"
"That '70s Show: Season 1: The Keg","8/23/20"
"That '70s Show: Season 1: Eric's Burger Job","8/23/20"
"That '70s Show: Season 1: Battle of the Sexists","8/23/20"
"That '70s Show: Season 1: Streaking","8/23/20"
"That '70s Show: Season 1: Eric's Birthday","8/23/20"
"That '70s Show: Season 1: Pilot","8/23/20"
"Biohackers: Season 1: Arrival","8/23/20"
"Biohackers: Season 1: Fate","8/22/20"
"Biohackers: Season 1: Betrayal","8/22/20"
"Biohackers: Season 1: Certainty","8/22/20"
"Biohackers: Season 1: Suspicion","8/22/20"
"Biohackers: Season 1: Secrets","8/22/20"
"Class of '83","8/22/20"
"Snitch","8/19/20"
"Faster","8/18/20"
"Star Trek: Discovery: Season 1: The Vulcan Hello","8/17/20"
"Van Helsing","8/16/20"
"Work It","8/15/20"
"Gunjan Saxena: The Kargil Girl","8/15/20"
"Project Power","8/15/20"
"Skyscraper","8/11/20"
"The Last Days of American Crime","8/8/20"
"The Umbrella Academy: Season 1: Extra Ordinary","8/6/20"
"The Umbrella Academy: Season 1: Run Boy Run","8/6/20"
"The Umbrella Academy: Season 1: We Only See Each Other at Weddings and Funerals","8/6/20"
"The Umbrella Academy: Season 1: Man on the Moon","8/6/20"
"The Umbrella Academy: Season 1: The White Violin","8/6/20"
"How to Sell Drugs Online (Fast): Season 1: Nerd Today, Boss Tomorrow","8/4/20"
"The New Legends of Monkey: Season 1: The Breaking Ground","8/3/20"
"The New Legends of Monkey: Season 1: The Monkey King Returns","8/3/20"
"The New Legends of Monkey: Season 1: The Journey Begins","8/3/20"
"The New Legends of Monkey: Season 1: The Edge of Nowhere","8/2/20"
"The New Legends of Monkey: Season 1: Hope Must Never Die","8/2/20"
"Lost Bullet","7/31/20"
"Spenser Confidential","7/29/20"
"Cursed: Season 1: Cursed","7/28/20"
"Cursed: Season 1: Nimue","7/28/20"
"Anthony Kaun Hai?","7/24/20"
"Brooklyn Nine-Nine: Season 1: Old School","7/24/20"
"Brooklyn Nine-Nine: Season 1: 48 Hours","7/24/20"
"Brooklyn Nine-Nine: Season 1: Halloween","7/24/20"
"Brooklyn Nine-Nine: Season 1: The Vulture","7/24/20"
"Brooklyn Nine-Nine: Season 1: M.E. Time","7/24/20"
"Brooklyn Nine-Nine: Season 1: The Slump","7/24/20"
"Brooklyn Nine-Nine: Season 1: The Tagger","7/24/20"
"Charlie's Angels","7/23/20"
"The Town","7/21/20"
"The Order: Season 2: Spring Outbreak, Part 1","7/18/20"
"The Order: Season 2: The Commons, Part 2","7/18/20"
"The Order: Season 2: The Commons, Part 1","7/18/20"
"The Order: Season 2: Fear Itself, Part 2","7/18/20"
"The Order: Season 2: Fear Itself, Part 1","7/18/20"
"365 Days","7/11/20"
"Vir Das: Abroad Understanding","7/11/20"
"Vir Das: Losing It","7/11/20"
"Ninja Assassin","7/11/20"
"The Old Guard","7/11/20"
"Red Dawn","7/8/20"
"Warrior Nun: Season 1: Revelation 2:10","7/8/20"
"Warrior Nun: Season 1: 2 Corinthians 10:4","7/7/20"
"Warrior Nun: Season 1: Proverbs 14:1","7/7/20"
"Warrior Nun: Season 1: Ephesians 4:22-24","7/7/20"
"Warrior Nun: Season 1: Isaiah 30:20-21","7/6/20"
"Warrior Nun: Season 1: Matthew 7:13","7/6/20"
"Warrior Nun: Season 1: Ecclesiasticus 26:9-10","7/5/20"
"Warrior Nun: Season 1: Ephesians 6:11","7/5/20"
"Warrior Nun: Season 1: Proverbs 31:25","7/5/20"
"Warrior Nun: Season 1: Psalm 46:5","7/3/20"
"Dark: Season 3: The Origin","7/1/20"
"Dark: Season 3: Adam and Eva","7/1/20"
"Dark: Season 3: The Survivors","6/28/20"
"Dark: Season 3: Deja-vu","6/27/20"
"The Order: Season 2: Free Radicals, Part 2","6/26/20"
"The Order: Season 2: Free Radicals, Part 1","6/26/20"
"13 Reasons Why: Season 4: Graduation","6/21/20"
"13 Reasons Why: Season 4: Prom","6/21/20"
"13 Reasons Why: Season 4: Acceptance/Rejection","6/21/20"
"13 Reasons Why: Season 4: College Interview","6/21/20"
"13 Reasons Why: Season 4: Thursday","6/21/20"
"13 Reasons Why: Season 4: House Party","6/20/20"
"13 Reasons Why: Season 4: Senior Camping Trip","6/20/20"
"13 Reasons Why: Season 4: Valentine's Day","6/20/20"
"13 Reasons Why: Season 4: College Tour","6/20/20"
"13 Reasons Why: Season 4: Winter Break","6/20/20"
"13 Reasons Why: Season 1: Tape 1, Side A","6/15/20"
"Roman Empire: Caligula: The Mad Emperor: The Rightful Heir","6/13/20"
"Troy: Fall of a City: Season 1: Offering","6/13/20"
"Troy: Fall of a City: Season 1: Twelve Days","6/13/20"
"Troy: Fall of a City: Season 1: Battle on the Beach","6/13/20"
"Troy: Fall of a City: Season 1: Hunted","6/13/20"
"Troy: Fall of a City: Season 1: Spoils of War","6/13/20"
"Choked: Paisa Bolta Hai","6/13/20"
"Barely Lethal","6/12/20"
"Troy: Fall of a City: Season 1: Siege","6/3/20"
"Troy: Fall of a City: Season 1: Conditions","6/2/20"
"Space Force: Season 1: THE LAUNCH","5/31/20"
"Troy: Fall of a City: Season 1: Black Blood","5/28/20"
"Freelancers","5/25/20"
"Peppermint","5/25/20"
"In the Shadow of the Moon","5/24/20"
"Maria","5/24/20"
"Dark: Season 2: Endings and Beginnings","5/24/20"
"Dark: Season 2: The White Devil","5/24/20"
"Dark: Season 2: An Endless Cycle","5/24/20"
"Dark: Season 2: Lost and Found","5/23/20"
"Dark: Season 2: The Travelers","5/23/20"
"Dark: Season 2: Ghosts","5/23/20"
"Dark: Season 2: Dark Matter","5/23/20"
"Dark: Season 2: Beginnings and Endings","5/23/20"
"Malang","5/22/20"
"Dark: Season 1: Alpha and Omega","5/17/20"
"Dark: Season 1: Everything Is Now","5/17/20"
"Dark: Season 1: As You Sow, so You Shall Reap","5/17/20"
"Dark: Season 1: Crossroads","5/15/20"
"Dark: Season 1: Sic Mundus Creatus Est","5/15/20"
"Dark: Season 1: Truths","5/15/20"
"Dark: Season 1: Double Lives","5/15/20"
"Dark: Season 1: Past and Present","5/14/20"
"Dark: Season 1: Lies","5/14/20"
"Into the Night: Season 1: Sylvie","5/14/20"
"Echelon Conspiracy","5/14/20"
"Dark: Season 1: Secrets","5/8/20"
"Free!: Free!: Iwatobi Swim Club: Reunion at the Starting Block!","5/1/20"
"Badla","4/30/20"
"Redemption","4/30/20"
"Close","4/30/20"
"Extraction","4/28/20"
"Peaky Blinders: Season 3: Episode 1","4/23/20"
"Brooklyn Nine-Nine: Season 1: Pilot","4/22/20"
"Hasmukh: Season 1: Sab Samay Ka Khel Hai","4/20/20"
"Hasmukh: Season 1: Ek Writer Ki Maut","4/20/20"
"Hasmukh: Season 1: Peti Killer","4/20/20"
"Hasmukh: Season 1: Machalte Huye Hormones","4/20/20"
"Hasmukh: Season 1: Hum Acche Aadmi Nahin Hain","4/20/20"
"Fauda: Season 1: Episode 1","4/20/20"
"Ungli","4/20/20"
"Hasmukh: Season 1: Case Closed","4/18/20"
"Hasmukh: Season 1: Bambai Main Bambu","4/18/20"
"Hasmukh: Season 1: Jimmy The Maker","4/18/20"
"Hasmukh: Season 1: Ek Tha Azmat, Ek Thi Kismat","4/18/20"
"Hasmukh: Season 1: Pakodey Thande The","4/18/20"
"Peaky Blinders: Season 2: Episode 6","4/13/20"
"Peaky Blinders: Season 2: Episode 5","4/13/20"
"Peaky Blinders: Season 2: Episode 4","4/13/20"
"Peaky Blinders: Season 2: Episode 3","4/12/20"
"Peaky Blinders: Season 2: Episode 2","4/12/20"
"Peaky Blinders: Season 2: Episode 1","4/12/20"
"Peaky Blinders: Season 1: Episode 6","4/11/20"
"October Faction: Season 1: Bonds of Blood","4/11/20"
"Peaky Blinders: Season 1: Episode 5","4/10/20"
"Peaky Blinders: Season 1: Episode 4","4/10/20"
"Peaky Blinders: Season 1: Episode 3","4/9/20"
"Maska","4/5/20"
"Money Heist: Part 4: The Paris Plan","4/4/20"
"Money Heist: Part 4: Strike the Tent","4/4/20"
"Money Heist: Part 4: TKO","4/4/20"
"Money Heist: Part 4: 5 Minutes Earlier","4/4/20"
"Money Heist: Part 4: Pasodoble","4/4/20"
"Money Heist: Part 4: Anatomy Lesson","4/3/20"
"Money Heist: Part 4: Berlin's Wedding","4/3/20"
"Money Heist: Part 4: Game Over","4/3/20"
"Peaky Blinders: Season 1: Episode 2","4/1/20"
"Peaky Blinders: Season 1: Episode 1","4/1/20"
"Sex, Explained: Limited Series: Attraction","3/31/20"
"Sex, Explained: Limited Series: Sexual Fantasies","3/31/20"
"John Day","3/30/20"
"Sherlock: Series 4: The Six Thatchers","3/25/20"
"Sherlock: Series 3: The Abominable Bride","3/25/20"
"She: Season 1: The Pickup","3/23/20"
"Pacific Rim: Uprising","3/16/20"
"Tezz","3/13/20"
"Phantom","3/11/20"
"Queen Sono: Season 1: I Am Queen Sono","3/11/20"
"Jack Ryan: Shadow Recruit","3/9/20"
"Angu Vaikuntapurathu (Malayalam)","3/8/20"
"The Protector: Season 1: Episode 2","3/7/20"
"The Protector: Season 1: Episode 1","3/7/20"
"Guilty","3/7/20"
"Altered Carbon: Season 1: Force of Evil","3/2/20"
"Altered Carbon: Season 1: In a Lonely Place","3/2/20"
"Altered Carbon: Season 1: Fallen Angel","3/2/20"
"Dirk Gently's Holistic Detective Agency: Season 1: Horizons","3/2/20"
"Ala Vaikunthapurramuloo","3/2/20"
"Altered Carbon: Season 1: Out of the Past","3/1/20"
"Omniscient: Season 1: A good person who's done a horrible thing","2/28/20"
"Travelers: Season 3: Perrow","2/28/20"
"Travelers: Season 3: David","2/28/20"
"Omniscient: Season 1: I committed a crime","2/27/20"
"Selection Day: Season 1: Episode 4","2/26/20"
"Selection Day: Season 1: Episode 3","2/26/20"
"Selection Day: Season 1: Episode 2","2/26/20"
"Selection Day: Season 1: Episode 1","2/26/20"
"Game","2/25/20"
"The Body","2/23/20"
"Colombiana","2/22/20"
"Pain & Gain","2/21/20"
"Archer: Season 1: Training Day","2/15/20"
"Archer: Season 1: Pilot: Mole Hunt","2/15/20"
"Locke & Key: Season 1: Crown of Shadows","2/14/20"
"Locke & Key: Season 1: Echoes","2/14/20"
"Locke & Key: Season 1: Ray of F**king Sunshine","2/14/20"
"Locke & Key: Season 1: Dissection","2/12/20"
"Locke & Key: Season 1: The Black Door","2/12/20"
"Locke & Key: Season 1: Family Tree","2/8/20"
"Locke & Key: Season 1: The Keepers of the Keys","2/8/20"
"Locke & Key: Season 1: Head Games","2/8/20"
"Locke & Key: Season 1: Trapper / Keeper","2/8/20"
"Locke & Key: Season 1: Welcome to Matheson","2/8/20"
"The Zoya Factor","2/5/20"
"The Gift: Season 1: Episode 1","2/5/20"
"Agent Raghav: Season 1: Episode 1","2/5/20"
"Ragnarok: Season 1: Yes, We Love This Country","2/5/20"
"Ragnarok: Season 1: Atomic Number 48","2/5/20"
"Ragnarok: Season 1: Ginnungagap","2/5/20"
"Ragnarok: Season 1: Jutulheim","2/3/20"
"Ragnarok: Season 1: 541 Meters","2/3/20"
"Ragnarok: Season 1: New Boy","2/3/20"
"Titans: Season 2: Deathstroke","1/31/20"
"Titans: Season 2: Aqualad","1/31/20"
"Titans: Season 2: Ghosts","1/31/20"
"October Faction: Season 1: Alice","1/31/20"
"October Faction: Season 1: Nadir","1/31/20"
"Shimla Mirchi","1/30/20"
"Vir Das: For India","1/30/20"
"October Faction: Season 1: Open Your Eyes","1/29/20"
"October Faction: Season 1: Truth and Consequences","1/26/20"
"October Faction: Season 1: Soirees of Future Past","1/26/20"
"October Faction: Season 1: The Horror Out of Time","1/26/20"
"October Faction: Season 1: No Country for Old Vamps","1/26/20"
"October Faction: Season 1: Presidio","1/26/20"
"Bard of Blood: Season 1: Love All, Trust a Few, Do Wrong to None","1/25/20"
"Bard of Blood: Season 1: So Quick Bright Things Come to Confusion","1/25/20"
"Bard of Blood: Season 1: When Sorrows Come, They Come Not Single Spies, but in Battalions","1/25/20"
"Bard of Blood: Season 1: What's Past is Prologue","1/25/20"
"The Legend of Michael Mishra","1/25/20"
"Motichoor Chaknachoor","1/25/20"
"Rise of Empires: Ottoman: Season 1: The New Sultan","1/24/20"
"Titans: Season 2: Rose","1/19/20"
"Titans: Season 2: Trigon","1/19/20"
"Titans: Season 1: Dick	Grayson","1/19/20"
"Titans: Season 1: Koriand'r","1/19/20"
"Titans: Season 1: Hank and	Dawn","1/19/20"
"Titans: Season 1: Donna Troy","1/18/20"
"Titans: Season 1: The Asylum","1/18/20"
"Titans: Season 1: Jason Todd","1/18/20"
"Titans: Season 1: Together","1/18/20"
"Titans: Season 1: Doom Patrol","1/18/20"
"Titans: Season 1: Origins","1/18/20"
"Titans: Season 1: Hawk and Dove","1/17/20"
"Bombairiya","1/17/20"
"Shor In the City","1/16/20"
"Made in China","1/16/20"
"The Indian Detective: Season 1: Episode 3","1/15/20"
"The Indian Detective: Season 1: Episode 2","1/15/20"
"Get Smart","1/14/20"
"Travelers: Season 3: Archive","1/14/20"
"The Indian Detective: Season 1: Episode 1","1/13/20"
"The Indian Detective: Season 1: Episode 4","1/13/20"
"Jamtara - Sabka Number Ayega: Season 1: Episode 10","1/13/20"
"Jamtara - Sabka Number Ayega: Season 1: Episode 9","1/13/20"
"Jamtara - Sabka Number Ayega: Season 1: Episode 8","1/13/20"
"Jamtara - Sabka Number Ayega: Season 1: Episode 7","1/13/20"
"Jamtara - Sabka Number Ayega: Season 1: Episode 6","1/13/20"
"Jamtara - Sabka Number Ayega: Season 1: Episode 5","1/13/20"
"Jamtara - Sabka Number Ayega: Season 1: Episode 4","1/13/20"
"Dracula: Season 1: The Rules of the Beast","1/13/20"
"Titans: Season 1: Titans","1/12/20"
"Polar","1/12/20"
"Jamtara - Sabka Number Ayega: Season 1: Episode 3","1/12/20"
"Jamtara - Sabka Number Ayega: Season 1: Episode 2","1/11/20"
"Jamtara - Sabka Number Ayega: Season 1: Episode 1","1/11/20"
"Fukrey","1/7/20"
"Talaash","1/7/20"
"Travelers: Season 3: Trevor","1/6/20"
"Travelers: Season 3: Philip","1/5/20"
"Travelers: Season 3: Naomi","1/5/20"
"Travelers: Season 3: Protocol 3","1/5/20"
"Travelers: Season 3: Yates","1/5/20"
"Travelers: Season 3: Ilsa","1/4/20"
"Travelers: Season 2: 001","1/4/20"
"Travelers: Season 2: Simon","1/4/20"
"Travelers: Season 2: 21C","1/4/20"
"Travelers: Season 2: Update","1/4/20"
"Travelers: Season 2: Traveler 0027","1/4/20"
"Travelers: Season 2: 17 Minutes","1/4/20"
"Travelers: Season 2: U235","1/4/20"
"Travelers: Season 2: Jenny","1/4/20"
"Travelers: Season 2: 11:27","1/4/20"
"Travelers: Season 2: Jacob","1/4/20"
"Travelers: Season 2: PROTOCOL 4","1/4/20"
"Travelers: Season 2: Ave Machina","1/4/20"
"Travelers: Season 1: Grace","1/4/20"
"Travelers: Season 1: Marcy","1/4/20"
"Travelers: Season 1: Kathryn","1/3/20"
"Travelers: Season 1: Bishop","1/3/20"
"Travelers: Season 1: Donner","1/2/20"
"Travelers: Season 1: Protocol 5","1/2/20"
"Travelers: Season 1: Helios 685","1/2/20"
"Travelers: Season 1: Room 101","1/2/20"
"Travelers: Season 1: Hall","1/2/20"
"Travelers: Season 1: Aleksander","1/2/20"
"Travelers: Season 1: Protocol 6","1/1/20"
"Travelers: Season 1: Pilot","12/30/19"
"Shaft","12/28/19"
"Saaho","12/28/19"
"Triple Frontier","12/27/19"
"Money Heist: Part 3: Astray","12/27/19"
"Money Heist: Part 3: A Quick Vacation","12/27/19"
"Money Heist: Part 3: Everything Seemed Insignificant","12/27/19"
"Money Heist: Part 3: Boom, Boom, Ciao","12/27/19"
"Money Heist: Part 3: It's Dolphin Time","12/27/19"
"Money Heist: Part 3: 48 Meters Underground","12/27/19"
"Money Heist: Part 3: Aikido","12/27/19"
"Money Heist: Part 3: We're Back","12/27/19"
"Money Heist: Part 2: Episode 9","12/27/19"
"Money Heist: Part 2: Episode 8","12/27/19"
"Money Heist: Part 2: Episode 7","12/27/19"
"Money Heist: Part 2: Episode 6","12/27/19"
"Money Heist: Part 2: Episode 5","12/27/19"
"Money Heist: Part 2: Episode 4","12/27/19"
"Money Heist: Part 2: Episode 3","12/27/19"
"Money Heist: Part 2: Episode 2","12/27/19"
"Money Heist: Part 2: Episode 1","12/27/19"
"Money Heist: Part 1: Episode 13","12/27/19"
"Money Heist: Part 1: Episode 12","12/27/19"
"Money Heist: Part 1: Episode 11","12/27/19"
"Money Heist: Part 1: Episode 10","12/27/19"
"Money Heist: Part 1: Episode 9","12/27/19"
"Money Heist: Part 1: Episode 8","12/27/19"
"Money Heist: Part 1: Episode 7","12/27/19"
"Money Heist: Part 1: Episode 6","12/27/19"
"Money Heist: Part 1: Episode 5","12/27/19"
"Money Heist: Part 1: Episode 4","12/27/19"
"Money Heist: Part 1: Episode 3","12/27/19"
"Money Heist: Part 1: Episode 2","12/27/19"
"Money Heist: Part 1: Episode 1","12/27/19"
"The Witcher: Season 1: Much More","12/27/19"
"The Witcher: Season 1: Before a Fall","12/27/19"
"The Witcher: Season 1: Rare Species","12/27/19"
"The Witcher: Season 1: Bottled Appetites","12/27/19"
"The Witcher: Season 1: Of Banquets, Bastards and Burials","12/27/19"
"The Witcher: Season 1: Betrayer Moon","12/27/19"
"The Witcher: Season 1: Four Marks","12/27/19"
"Lucifer: Season 2: Everything's Coming Up Lucifer","12/27/19"
"Lucifer: Season 1: Take Me Back to Hell","12/27/19"
"Lucifer: Season 1: #TeamLucifer","12/27/19"
"Lucifer: Season 1: St. Lucifer","12/27/19"
"Lucifer: Season 1: Pops","12/27/19"
"Lucifer: Season 1: A Priest Walks into a Bar","12/27/19"
"Lucifer: Season 1: Et Tu, Doctor?","12/27/19"
"Lucifer: Season 1: Favorite Son","12/27/19"
"Lucifer: Season 1: Sweet Kicks","12/27/19"
"Lucifer: Season 1: Manly Whatnots","12/27/19"
"Lucifer: Season 1: The Would-Be Prince of Darkness","12/27/19"
"Lucifer: Season 1: Lucifer, Stay. Good Devil.","12/27/19"
"Lucifer: Season 1: Pilot","12/27/19"
"The Witcher: Season 1: The Endâ€™s Beginning","12/27/19"
